Numer uchwały,Beneficjent,Koszt,Nazwa projektu,Data uchwały
63,Uczelnianej Komisji Kultury Samorządu Studentów Uniwersytetu Jagiellońskiego,85634.41,"""Dni Zero UJ 2021""",6 września 2021
64,Zespołowi Informacji i Promocji Samorządu Studentów UJ,47072.1,"""Pakiety startowe 2021""",6 września 2021
65,Sekretarzowi Zarządu Samorządu Studentów UJ,2600.0,"""Zdjęcia do planerów dla Studentów I roku""",6 września 2021
66,WRSS WSMiP,16982.11,"""Zagospodarowanie pokoi studenckich nr 613, 614 i 615 w budynku WSMIP UJ""",9 września 2021
68,Radzie Samorządu Studentów Międzywydziałowych Indywidualnych Studiów Humanistycznych Uniwersytetu Jagiellońskiego,7980.0,"""Obóz Integracyjny MISH UJ""",13 września 2021
69,WRSS WMiI,3050.32,"""Diamentowa Kreda 2021""",13 września 2021
70,Sekretarzowi Zarządu Samorządu Studentów UJ,40000.0,"""Kalendarze dla Studentów rozpoczynających studia na Uniwersytecie Jagiellońskim""",13 września 2021
71,Przewodniczącej Zarządu Samorządu Studentów UJ,310000.0,"""Juwenalia 2021""",13 września 2021
76,WRSS WCh,6000.0,"""PrzygotUJ się z nami na laboratoria gadżety fartuchy dla pierwszorocznych Studentów Wydziału Chemii UJ""",20 września 2021
77,Stowarzyszeniu Erasmus Student Network UJ Kraków,2275.0,"""Orientation Week with ESN UJ Kraków """,20 września 2021
78,Stowarzyszeniu TęczUJ,5044.44,"""Tydzień Orientacyjny z TęczUJ""",20 września 2021
79,Uczelnianej Komisji Dydaktycznej Samorządu Studentów Uniwersytetu Jagiellońskiego,3948.45,"""ABC Studenta szkolenie dla studentów I roku""",27 września 2021
80,Zespołowi ds. Przeciwdziałania Przemocy i Dyskryminacji SSUJ,3075.0,"""Szkolenie z zakresu udzielania pierwszej pomocy dzieciom""",27 września 2021
81,WRSS WH,8825.92,"""Szkole nie Wyjazdowe i posiedzenie terenowe WRSS WH""",27 września 2021
82,Stowarzyszeniu All in UJ,5920.0,"""Science First poznaj praktyczny wymiar nauki transmisja startu 4 sezonu""",04 października 2021
83,Przewodniczącemu Uczelnianej Komisji Ekonomicznej Samorządu Studentów Uniwersytetu Jagiellońskiego,14050.0,"""Wyjazd szkoleniowo integracyjny Uczelnianej Komisji Ekonomicznej SSUJ""",7 października 2021
84,Uczelnianej Komisji Kultury Samorządu Studentów Uniwersytetu Jagiellońskiego,7550.0,"""Welcome to the E il Circus""",11 października 2021
85,WRSS WZiKS,4273.19,"""Powrót do przeszłości tydzień integracyjny WZiKS""",11 października 2021
86,WRSS WH,11835.68,"""Wy stawa Artysta Szaman Artystka Szamanka""",11 października 2021
87,Stowarzyszeniu Europejskie Forum Studentów AEGEE,2500.0,"""Local Training Course Freshmen s Sur i al FRESH I """,11 października 2021
89,WRSS WH,2000.0,"""Spektakl w teatrze ariete""",19 października 2021
90,WRSS WH,1200.0,"""Turniej Piłkarski ArecheoCup 2021""",19 października 2021
91,Stowarzyszeniu All In UJ,14270.84,"""All In UJ Winter Camp""",19 października 2021
92,Stowarzyszeniu Erasmus Student Network UJ Kraków,5700.0,"""Wyjazd Szkoleniowo Integracyjny z ESN UJ Kraków""",19 października 2021
93,Uczelnianej Komisji Kultury Samorządu Studentów Uniwersytetu Jagiellońskiego,5200.0,"""Karaoke Filmowe""",25 października 2021
94,WRSS WCh,4600.0,"""154 . Urodziny Marii Skłodowskiej Curie""",25 października 2021
95,WRSS WCh,1343.16,"""Bluzy z logiem Wydziału Chemii UJ edycja 3""",25 października 2021
96,WRSS WGiG,3848.81,"""Gadżety Samorządowe""",25 października 2021
97,WRSS WBBiB,26519.22,"""Międzywydziałówkowy Wyjazd Integracyjno Szkoleniowy MÓWISZ 2021""",25 października 2021
99,WRSS WCh,144.9,"""Zakup przypinek dla przedstawi cieli studenckich w Radzie Wydziału Chemii UJ """,25 października 2021
101,Uczelnianej Komisji Kultury Samorządu Studentów Uniwersytetu Jagiellońskiego,4288.0,"""Za kup pianina elektrycznego i akcesoriów na użytek Samorządu Studentów Uniwersytetu Jagiellońskiego""",08 listopada 2021
102,Wiceprzewodniczący(a) SSUJ,13056.56,"""Wyposażenie sali konferencyj nej SSUJ w sprzęt do posiedzeń hybrydowych""",08 listopada 2021
104,WRSS WCh,30000.0,"""Nagroda w I Konkursie OZD""",8 listopada 2021
105,WRSS Filologia,2596.4,"""Za kup licencji na oprogramowanie Adobe dla WRSS WF UJ""",9 listopada 2021
106,WRSS WPiA,4300.0,"""Illegal Thursday Impre za integracyjna WPiA UJ i TBSP UJ""",9 listopada 2021
107,Zespołowi ds. Przeciwdziałania Przemocy i Dyskryminacji SSUJ,680.0,"""Wyjście do kina na seans Wszystkie nasze strachy """,15 listopada 2021
108,Uczelnianej Komisji Kultury Samorządu Studentów Uniwersytetu Jagiellońskiego,7400.0,"""Dziady jesienne""",15 listopada 2021
109,Uczelnianemu Zespołowi Mobilności Samorządu Studentów Uniwersytetu Jagiellońskiego,3087.18,"""Studenckie Konwersacje Językowe""",15 listopada 2021
110,Aleksandrze Gościckiej,1932.41,"""Schemat""",15 listopada 2021
111,WRSS WCh,550.0,"""Kultura nie jedno ma imię ol. 3""",15 listopada 2021
112,WRSS WCh,2290.0,"""Bądź jak James Bond integracyjne wyjście na strzelnicę""",15 listopada 2021
113,WRSS WP,13840.0,"""Wyjazd szkoleniowo integracyjny Wydziałowej Rady Samorządu Studentów Wydziału Polonistyki UJ""",15 listopada 2021
114,WRSS WPiA,6990.0,"""Wyjazd Integracyjno Szkoleniowy WRSS WPiA UJ""",15 listopada 2021
115,WRSS WBBiB,11042.39,"""Bluzy i skarpetki wydziałowe WBBiB UJ""",15 listopada 2021
116,WRSS WZiKS,27896.61,"""Wyjazd szkoleniowo integracyjny WRSS WZiKS UJ 2021""",15 listopada 2021
117,Bractwu Czapki Studenckiej UJ,3000.0,"""Studencie, załóż czapkę """,15 listopada 2021
118,Uczelnianej Komisji Kultury Samorządu Studentów Uniwersytetu Jagiellońskiego,3936.0,"""Jesienny wieczór filmowy z Off Camerą""",21 listopada 2021
119,Uczelnianej Komisji Kultury Samorządu Studentów Uniwersytetu Jagiellońskiego,9889.2,"""Gadżety samorządu studentów uj""",22 listopada 2021
120,Uczelnianej Komisji Kultury Samorządu Studentów Uniwersytetu Jagiellońskiego,13042.24,"""Dorwij Bomb kę """,22 listopada 2021
121,Stowarzyszeniu DKMS Polska,2114.37,"""Helpers Generation UJ""",22 listopada 2021
122,Radzie Mieszkańców DS Bursa Jagiellońska,1511.32,"""Mikołajki DS BJ 2021""",22 listopada 2021
123,WRSS WPiA,3347.17,"""Kubki promujące Wydział Prawa i Administracji Uniwersytetu Jagiellońskiego""",22 listopada 2021
124,WRSS WB,6000.0,"""Różowe święta""",22 listopada 2021
125,WRSS Filologia,2890.0,"""Teatralny początek grudnia z WRSSWFilgUJ""",22 listopada 2021
126,Stowarzyszeniu Europejskie Forum Studentów AEGEE,2400.0,"""Management Training Course (MTC)""",22 listopada 2021
127,WRSS WPiA,5182.96,"""Wydziałowy Turniej Piłkarski""",22 listopada 2021
128,Uczelnianej Komisji Kultury Samorządu Studentów Uniwersytetu Jagiellońskiego,44765.38,"""Opłatek społeczności studenckiej Uniwersytetu Jagiellońskiego2021""",22 listopada 2021
129,WRSS WH,4500.0,"""Studencka Alternatywna Unia Nowości Uniwersytetu Jagiellońskiego (S.A.U.N.U.J)""",22 listopada 2021
130,Uczelnianej Komisji Kultury Samorządu Studentów Uniwersytetu Jagiellońskiego,16550.0,"""Wieczór filmów Świątecznych""",28 listopada 2021
131,WRSS WCh,990.0,"""Nie zostań na lodzie i zadbaj o zdrowie łyżwy z WRSS Chemii UJ""",30 listopada 2021
132,WRSS WCh,2160.0,"""Kultura nie jedno ma imię ol. 4""",30 listopada 2021
133,WRSS WZiKS,2640.28,"""Merry uiz mas""",30 listopada 2021
134,WRSS WCh,48.3,"""Zakup przypinek dla członków WRSS Wydziału Chemii UJ""",30 listopada 2021
135,Stowarzyszeniu All In UJ,676.5,"""Popiół i diament Piękny Polski Klasyk""",30 listopada 2021
136,Radzie Samorządu Studentów Międzywydziałowych Indywidualnych Studiów Humanistycznych Uniwersytetu Jagiellońskiego,780.0,"""MISHołajki Mikołajkowe wyjście na kręgle""",30 listopada 2021
137,Radzie Mieszkańców DS Bydgoska,1646.98,"""Zakup gier planszowych na potrzeby reali zacji wydarzenia Planszówki w DS Bydgoska""",30 listopada 2021
138,Zespołowi Informacji i Promocji Samorządu Studentów UJ,420.0,"""Nagrody na Konkursy Świąteczne Bożonarodzeniowe 2021""",30 listopada 2021
139,WRSS WCh,1698.51,"""Zakup gier planszo wych na potrzeby realizacji wydarzenia Świąteczne spotkanie integracyjne""",30 listopada 2021
140,Radzie Mieszkańców DS Bursa Jagiellońska,1442.0,"""Planszówki część II DS BJ""",30 listopada 2021
141,Bractwu Czapki Studenckiej UJ,1795.53,"""Materiały promocyjne czapki""",30 listopada 2021
142,Zespołowi Informacji i Promocji Samorządu Studentów UJ,4243.5,"""Gadżety z logiem Samorządu Studentów Uniwersytetu Jagiellońskiego""",30 listopada 2021
143,WRSS WH,1900.0,"""Chicago w teatrze ariete z SSWH UJ""",30 listopada 2021
144,WRSS WCh,1633.69,"""Zakup gadżetów na potrze by realizacji wydarzenia Spotkanie społeczności akademickiej Wydziału Chemii UJ""",30 listopada 2021
145,WRSS WCh,1273.58,"""Zakup gadżetów na potrzeby realizacji wydarzenia pt. Chemiczny kalendarz adwentowy""",30 listopada 2021
146,WRSS WH,650.0,"""Dyskusja na temat roli dzieł sztuki współcześnie""",30 listopada 2021
148,Wiceprzewodniczący(a) SSUJ,44464.5,"""Wydarzenie promujące szczepienia wśród studentów uczelni krakowskich""",6 grudnia 2021
149,WRSS WZiKS,850.0,"""Se ans filmowy z WZiKS ""Dom Gucci""""",7 grudnia 2021
150,WRSS WPiA,449.99,"""Doskonała pro mocja zakup subskrypcji programu komputerowego Can a""",13 grudnia 2021
151,WRSS WH,7357.33,"""Miko łaj wśród społeczności studenckiej Wydziału Historycznego""",13 grudnia 2021
152,"Radzie Mieszkańców DS ""Nawojka""",600.0,"""Konkurs Świąteczny w DS Nawojka""",13 grudnia 2021
153,Radzie Mieszkańców DS Bydgoska,457.5,"""Bluzy dla członków RM DS Bydgoska""",13 grudnia 2021
1,Przewodniczącej Zarządu Samorządu Studentów UJ,100000.0,Nie znaleziono nazwy projektu w uchwale,10 stycznia 2022
2,WRSS WH,12500.0,"""Bal Historyka 2022""",10 stycznia 2022
3,WRSS WH,1950.0,"""Wyjście do opery z SSWHUJ""",10 stycznia 2022
4,WRSS WH,970.0,"""Łyżwy z SSWH UJ""",10 stycznia 2022
5,WRSS WZiKS,1350.0,"""Ale ślisko Chodź z nami na lodowisko""",10 stycznia 2022
6,WRSS WSMiP,13417.0,"""Bluzy Wydziałowe na WSMiP UJ""",10 stycznia 2022
7,WRSS WCh,7359.71,"""Zakup gadżetów na potrzeby akcji Cała chemia wypełnia ankiety 9.0""",10 stycznia 2022
8,Sekretarzowi Zarządu Samorządu Studentów UJ,32964.0,"""Planery Studenckie na rok 2022""",14 stycznia 2022
9,WRSS WH,8440.92,"""Studencka Alternatywna Unia Nowości Uniwersytetu Jagiellońskiego (S.A.U.N.U.J) 2""",17 stycznia 2022
10,WRSS WCh,5040.0,"""Sesyjna Herbatka""",17 stycznia 2022
11,WRSS WGiG,7786.68,"""Bluzy wydziałowe""",17 stycznia 2022
12,WRSS WZiKS,3329.85,"""Akcja ankietyzacja pora na Twoją ocenę """,24 stycznia 2022
13,WRSS WH,14138.62,"""Wydział Historyczny UJ wypełnia ankiety """,24 stycznia 2022
14,Uczelnianej Komisji Kultury Samorządu Studentów Uniwersytetu Jagiellońskiego,4950.0,"""ZrelakS SUJ się z nami po sesji wyjazd na Noc Basenów w Termach Buko ina""",24 stycznia 2022
15,Bractwu Czapki Studenckiej UJ,3500.0,"""Studencie, załóż czapkę """,24 stycznia 2022
16,WRSS Filologia,3305.63,"""Turniej gier""",24 stycznia 2022
17,WRSS WH,3780.0,"""Sesja w Ko palni""",24 stycznia 2022
18,Zespołowi Informacji i Promocji Samorządu Studentów UJ,110.0,"""Walentynki z SSUJ""",8 lutego 2022
19,WRSS Filologia,3649.2,"""OZD na Wydziale Filologicznym semestr zimowy 2021 22""",8 lutego 2022
20,WRSS WCh,48.3,"""Zakup przypinek dla nowo wybranych członków Rady Wydziału Chemii UJ""",8 lutego 2022
21,WRSS WBBiB,676.5,"""Wypad na łyżwy z Samorządem Studentów WGIG i WBBIB""",8 lutego 2022
22,Uczelnianej Komisji Kultury Samorządu Studentów Uniwersytetu Jagiellońskiego,16591.1,"""Promocja Studenckiego Tygodnia Sztuki""",10 lutego 2022
23,Stowarzyszeniu All in UJ,4300.0,"""Science First poznaj praktyczny wymiar nauki transmisja 5. odcinka 4. sezon""",11 lutego 2022
24,Wiceprzewodniczącemu Samorządu Studentów Uniwersytetu Jagiellońskiego ds. Collegium Medicum,12831.0,"""Ze staw nagłośnieniowy Samorządu Studentów UJ""",15 lutego 2022
25,Uczelnianemu Zespołowi Mobilności Samorządu Studentów Uniwersytetu Jagiellońskiego,209.1,"""Studenckie Konwersacje Językowe certyfikaty""",15 lutego 2022
26,Stowarzyszeniu Erasmus Student Network UJ Kraków,3182.0,"""Orientation Week with ESN UJ Kraków""",15 lutego 2022
27,WRSS WPiA,27528.6,""" Wyjazd Integracyjno Szkoleniowy WPiA UJ""",21 lutego 2022
28,WRSS WMiI,3310.0,"""Kon kursy z okazji Studenckiego Festiwalu Informatycznego""",21 lutego 2022
29,Uczelnianej Komisji Kultury Samorządu Studentów Uniwersytetu Jagiellońskiego,14988.0,"""Spektakl Dwaj mistrzowie komedii""",21 lutego 2022
30,WRSS WB,5153.1,"""Promocja Studenckiego Tygodnia dla Ziemii""",21 lutego 2022
31,Uczelnianej Komisji Kultury Samorządu Studentów Uniwersytetu Jagiellońskiego,12983.3,"""Koncert Piosenek wybranych Człowiek przez Przypadki""",21 lutego 2022
34,WRSS Filologia,590.0,"""Rozbudź się na wiosnę""",28 lutego 2022
35,Uczelnianej Komisji Kultury Samorządu Studentów Uniwersytetu Jagiellońskiego,14930.56,"""Zwiedź je wszystkie Muzea STS""",28 lutego 2022
36,Bractwu Czapki Studenckiej UJ,3584.26,"""Wyjazd na Kudłacze 2022""",28 lutego 2022
37,"Radzie Mieszkańców DS ""Nawojka""",8867.94,"""Ślub Nawojki z Żaczkiem""",28 lutego 2022
39,AKT Rozdroże,2250.0,"""Rajd na Powitanie Wiosny 2022 Beskid Żywiecki""",7 marca 2022
40,Niezależnemu Zrzeszeniu Studentów Uniwersytetu Jagiellońskiego,2896.0,"""Zjazd Komisji Krajowej Niezależ nego Zrzeszenia Studentów """,7 marca 2022
41,WRSS WB,49915.48,"""Studencki Tydzień dla Ziemi""",14 marca 2022
42,WRSS WPiA,8704.0,"""Mecz charyta tywny AGH s UJ""",14 marca 2022
43,Uczelnianemu Zespołowi Mobilności Samorządu Studentów Uniwersytetu Jagiellońskiego,7840.0,"""Wyjazd warsztatowo integracyjny Uczelnianego Zespołu ds. Mobilności""",14 marca 2022
44,Uczelnianej Komisji Kultury Samorządu Studentów Uniwersytetu Jagiellońskiego,59668.8,"""Studencki Tydzień Sztuki 2022""",14 marca 2022
45,WRSS WZiKS,1450.0,"""Wskocz z nami w nowy semestr """,14 marca 2022
46,Stowarzyszeniu All In UJ,18000.0,"""Jubileuszowy All In UJ Spring Camp""",14 marca 2022
49,WRSS WBBiB,1736.0,"""Podkręć kulkę z WBBiB """,21 marca 2022
50,Stowarzyszeniu Erasmus Student Network UJ Kraków,2800.0,"""Wyjazd Szkoleniowo Integracyjny z ESN UJ Kraków""",21 marca 2022
51,WRSS WP,1396.44,"""Terapezja""",28 marca 2022
52,WRSS WCh,2690.0,"""Zdjęcia Wydzia łowej Rady Samorządu Studentów Wydziału Chemii UJ""",28 marca 2022
53,Radzie Samorządu Studentów Międzywydziałowych Indywidualnych Studiów Humanistycznych Uniwersytetu Jagiellońskiego,700.0,"""Wyjście do Teatru im. Juliusza Słowackiego w ramach integracji MISH i SMP""",28 marca 2022
54,WRSS WP,5513.0,"""Identyfikacja wizual na przestrzeni studenckiej na Wydziale Polonistyki (etap I)""",28 marca 2022
55,WRSS WZiKS,4001.55,"""By le do lata""",28 marca 2022
56,Stowarzyszeniu Erasmus Student Network UJ Kraków,2486.69,"""Wyjazd zagraniczny w celu udziału w międzynarodowym zjeździe Erasmus Student Network Erasmus Generation Meeting (EGM) Portugal 2022""",28 marca 2022
57,WRSS WH,2800.0,"""Historyczne mazurki SSWH UJ""",4 kwietnia 2022
58,WRSS WZiKS,32610.0,"""WZiKS owe Przebiśniegi""",4 kwietnia 2022
59,Uczelnianej Komisji Kultury Samorządu Studentów Uniwersytetu Jagiellońskiego,15623.25,"""Za kręć się na Majówkę 3""",11 kwietnia 2022
60,WRSS WZiKS,714.0,"""Skosztuj kultury Współczesnej sztuki apogeum zwiedź z nami muzeum """,11 kwietnia 2022
61,WRSS Filologia,7944.0,"""Złote Belfry 2022 """,11 kwietnia 2022
62,WRSS Filologia,2421.86,"""H d rel lez tureckie święto wiosny""",11 kwietnia 2022
63,WRSS WPiA,21924.83,"""Bal Półmetkowy Wydziału Prawa i Administracji UJ 2022""",11 kwietnia 2022
64,AKT Rozdroże,2900.0,"""Majówka 2022 Rajd do źródeł Wisły""",11 kwietnia 2022
65,Stowarzyszeniu All In UJ,1734.0,"""Historie obrazem i dźwiękiem Warsztaty filmowe z All In UJ""",11 kwietnia 2022
68,Zespołowi Informacji i Promocji Samorządu Studentów UJ,300.0,"""Nagrody na Konkurs z okazji Dnia Dawcy Szpiku""",25 kwietnia 2022
69,"Radzie Mieszkańców DS ""Nawojka""",8411.4,"""Dni Nawojki i Żaczka""",25 kwietnia 2022
70,Uczelnianej Komisji Kultury Samorządu Studentów Uniwersytetu Jagiellońskiego,15107.03,"""Promocja Juwe naliowej Gry Miejskiej 2022""",25 kwietnia 2022
71,WRSS Filologia,670.0,"""135 metrów pod ziemią z WRSS Wydziału Filologicznego UJ""",25 kwietnia 2022
72,WRSS Filologia,2900.0,"""Teatralny maj""",25 kwietnia 2022
73,Uczelnianej Komisji Kultury Samorządu Studentów Uniwersytetu Jagiellońskiego,36000.0,"""Promocja Juwenaliów Krakowskich""",3 maja 2022
74,Stowarzyszeniu Europejskie Forum Studentów AEGEE,3500.0,"""Local Training Course Freshmen s Sur i al FRESH """,3 maja 2022
75,WRSS WZiKS,1023.35,"""Studiuj z głową Wziksowy uiz dydaktyczny""",4 maja 2022
76,Uczelnianej Komisji Kultury Samorządu Studentów Uniwersytetu Jagiellońskiego,6298.37,"""Ju wenaliowa Gra Miejska""",9 maja 2022
77,Uczelnianej Komisji Kultury Samorządu Studentów Uniwersytetu Jagiellońskiego,166513.0,"""Juwenalia Krakowskie 2022""",9 maja 2022
78,Uczelnianej Komisji Kultury Samorządu Studentów Uniwersytetu Jagiellońskiego,8000.0,"""Juwenaliowy B4""",9 maja 2022
79,WRSS WP,3441.0,"""Identyfikacja wizualna przestrzeni studenckiej na Wydziale Polonistyki UJ (etap II)""",9 maja 2022
80,WRSS WP,2746.0,"""Wyposażenie Strefy Studenckiej na Wydziale Polonistyki""",9 maja 2022
81,Stowarzyszeniu Erasmus Student Network UJ Kraków,3024.0,"""Aerial Silks Workshops with ESN UJ Cracow""",9 maja 2022
82,Uczelnianemu Zespołowi Mobilności Samorządu Studentów Uniwersytetu Jagiellońskiego,4909.0,"""Episode One The One with an International Party""",9 maja 2022
83,Przewodniczącemu Uczelnianej Komisji Ekonomicznej Samorządu Studentów Uniwersytetu Jagiellońskiego,1450.0,"""Wyjazd integracyjny UKE""",9 maja 2022
84,WRSS WZiKS,3214.9,"""Tajemnice kampusu letnia gra terenowa""",16 maja 2022
85,WRSS Filologia,606.0,"""Co wiesz o herbacie Między narodowy Dzień Herbaty z WRSS""",16 maja 2022
86,WRSS WP,923.0,"""Poetyckie Wymiary""",16 maja 2022
87,WRSS WP,4871.0,"""Zamó wienie gadżetów WRSS Wydziału Polonistyki""",16 maja 2022
88,Stowarzyszeniu All in UJ,7748.05,"""Tydzień Edukacji Seksualnej 2022""",16 maja 2022
89,Stowarzyszeniu All in UJ,1428.0,"""Studencki Stand UP by All In UJ""",16 maja 2022
90,Radzie Mieszkańców Domu Studenckiego Piast,14889.0,"""Piasto Bydgonalia 2022""",16 maja 2022
91,Uczelnianej Komisji Dydaktycznej Samorządu Studentów Uniwersytetu Jagiellońskiego,6880.0,"""Wyjazd szkoleniowo integracyjny Uczelnianej Komisji Dydaktycznej Samorządu Studentów Uniwersytetu Jagiellońskiego""",16 maja 2022
92,WRSS WZiKS,7325.29,"""Równy WZiKS""",16 maja 2022
93,Stowarzyszeniu TęczUJ,2102.5,"""Jesteśmy Sytuacja osób LGBT na uniwersytetach w Polsce""",16 maja 2022
94,Radzie Mieszkańców DS Bursa Jagiellońska,1929.43,"""Bursonalia 2022 """,16 maja 2022
95,WRSS WP,750.0,"""Spotkanie ewaluacyjno integracyjne WRSS Wydziału Polonistyki""",23 maja 2022
96,WRSS Filologia,2000.0,"""Wieczorek Francuski""",23 maja 2022
97,Uczelnianej Komisji Kultury Samorządu Studentów Uniwersytetu Jagiellońskiego,5500.0,"""SlamUJ""",23 maja 2022
98,WRSS WZiKS,5700.0,"""Nie leć w kulki, chodź na paintball """,31 maja 2022
99,Radzie Mieszkańców DS Bursa Jagiellońska,2200.0,"""Chicago z DS BJ""",31 maja 2022
100,WRSS WP,378.62,"""Teatr mój widzę Tan go""",31 maja 2022
101,WRSS WP,468.4,"""Dzielni Studenci""",31 maja 2022
102,AKT Rozdroże,2500.0,"""Rajd Posesyjny 2022 Góry Lelu chowskie w Beskidzie Sądeckim""",31 maja 2022
103,WRSS WB,10613.0,"""Powitanie Lata""",31 maja 2022
105,Stowarzyszeniu All in UJ,4300.0,"""""Science First poznaj praktyczny wymiar nauki"" finał 4. sezonu""",31 maja 2022
106,WRSS WH,600.0,"""Bluzy dla Wydziału Historycznego, pierwszy etap projektu""",31 maja 2022
108,Uczelnianemu Zespołowi Mobilności Samorządu Studentów Uniwersytetu Jagiellońskiego,6572.95,"""Zakończenie wiosennej edycji SKJ """,31 maja 2022
109,WRSS WP,328.0,"""Naklejki WRSS Wydziału Polonistyki""",1 czerwca 2022
110,AKT Rozdroże,5400.0,""" Wakacyjny Rajd AKT Rozdroże Bieszczady 2022""",6 czerwca 2022
111,Uczelnianej Komisji Kultury Samorządu Studentów Uniwersytetu Jagiellońskiego,26087.42,"""Laudacje studenckie 2022""",6 czerwca 2022
112,WRSS WZiKS,5407.0,"""Kino Plenerowe na Kampusie UJ""",1 czerwca 2022
113,WRSS WBBiB,4296.0,"""Skrzyneczki menstruacyjne """,14 czerwca 2022
114,WRSS WP,4088.0,"""Zamówienie materiałów promocyjnych i konferencyjnych""",14 czerwca 2022
115,Stowarzyszeniu TęczUJ,295.29,"""Miesiąc Dumy z TęczUJ arts and crafts""",14 czerwca 2022
116,AKT Rozdroże,3600.0,"""Jesienny Rajd 2022 Przez doliny w Tatrach""",14 czerwca 2022
118,Zespołowi ds. Przeciwdziałania Przemocy i Dyskryminacji SSUJ,701.1,"""Mate riały promocyjne dla Zespołu ds. Przeciwdziałania przemocy i dyskryminacji Samorządu Studentów Uniwersytetu Jagiellońskiego """,20 czerwca 2022
119,Stowarzyszeniu All In UJ,2648.06,"""Zakończenie roku akademickiego 2021 2022 w Kryspinowie""",20 czerwca 2022
120,Uczelnianej Komisji Kultury Samorządu Studentów Uniwersytetu Jagiellońskiego,8800.0,"""Wyjazd roboczo integracyjny Uczelnia nej Komisji Kultury""",27 czerwca 2022
121,Stowarzyszeniu TęczUJ,2159.63,"""JESTEM HIACYNT """,27 czerwca 2022
122,WRSS Filologia,3495.0,"""Mo je wielkie filologiczne wakacje konkurs fotograficzny w ramach OZD""",27 czerwca 2022
123,WRSS WCh,4165.65,"""Zakup gadżetów na potrzeby akcji ""Cała Chemia wypełnia ankiety"" cz.I""",4 lipca 2022
124,"Radzie Mieszkańców DS ""Nawojka""",1200.0,"""Wakacje z Nawojką i Żaczkiem""",4 lipca 2022
125,Radzie Kół Naukowych Uniwersytetu Jagiellońskiego,7680.0,"""Wyjazd Szkoleniowo Integracyjny Rady Kół Naukowych UJ 22 23""",4 lipca 2022
126,Uczelnianej Komisji Dydaktycznej Samorządu Studentów Uniwersytetu Jagiellońskiego,8500.0,"""Dwa panele filmów szkoleniowych ""Odkryj tajniki skutecznej nauki"" i ""Przeciwdziałanie przemocy i dyskryminacji""""",4 lipca 2022
127,Uczelnianej Komisji Dydaktycznej Samorządu Studentów Uniwersytetu Jagiellońskiego,6800.0,"""Wyjazd szkoleniowo integracyjny Uczelnianej Komisji Dydaktycznej Samorządu Studentów Uniwersytetu Jagiellońskiego""",4 lipca 2022
128,WRSS WH,5730.0,"""Posesyjne warsztaty kulinarne z SSWH UJ """,4 lipca 2022
129,WRSS WH,9500.0,"""W rytmie Barki""",4 lipca 2022
130,WRSS WH,24263.1,"""Bluzy dla Wydziału Historycznego drugi etap projektu""",4 lipca 2022
131,WRSS WH,3400.0,"""Kanapka """,4 lipca 2022
132,WRSS WH,6000.0,"""Spotkania ws. podejrzenia nierównego traktowania w Instytucie Historii Sztuki""",4 lipca 2022
133,WRSS WPiA,1469.0,"""Dzień Zerowy z CyberLaw""",29 sierpnia 2022
134,Radzie Samorządu Studentów Międzywydziałowych Indywidualnych Studiów Humanistycznych Uniwersytetu Jagiellońskiego,8629.0,"""Obóz integracyjny studentów Międzywydziałowych Indywidualnych Studiów Humanistycznych Uniwersytetu Jagiellońskiego""",29 sierpnia 2022
135,Uczelnianej Komisji Kultury Samorządu Studentów Uniwersytetu Jagiellońskiego,27150.0,"""Spływ Barką SSUJ""",29 sierpnia 2022
137,Uczelnianej Komisji Kultury Samorządu Studentów Uniwersytetu Jagiellońskiego,89895.41,"""Dni Zero UJ 2022""",5 września 2022
138,Uczelnianej Komisji Kultury Samorządu Studentów Uniwersytetu Jagiellońskiego,925.0,"""Sesja zdjęciowa Zarządu SSUJ""",5 września 2022
139,Stowarzyszeniu Erasmus Student Network UJ Kraków,889.6,"""Gadżety promujące ESN UJ Kraków""",5 września 2022
140,Stowarzyszeniu Erasmus Student Network UJ Kraków,5465.0,"""Nagrody motywacyjne dla Członków i Alumnów ESN UJ Kraków""",5 września 2022
141,Bractwu Czapki Studenckiej UJ,3384.26,"""Obóz Adaptacyjny Brac twa Czapki Studenckiej UJ 2022 r.""",5 września 2022
142,Bractwu Czapki Studenckiej UJ,3632.84,"""Reacti ation 2022""",5 września 2022
143,Przewodniczącej Zarządu Samorządu Studentów UJ,15243.1,"""Dni szkoleniowe z ekspertami studenckimi Polskiej Komisji Akredytacyjnej""",8 września 2022
144,Wiceprzewodniczący(a) SSUJ,104894.4,"""Pakiety startowe 2022""",9 września 2022
145,Stowarzyszeniu Europejskie Forum Studentów AEGEE,626.0,"""AEGEE DAYS""",12 września 2022
146,WRSS WMiI,3577.86,"""Diamentowa Kreda 2022""",12 września 2022
147,Radzie Mieszkańców DS Bydgoska,545.0,"""Bluzy dla członków RM DS. Bydgoska""",12 września 2022
149,Stowarzyszeniu Erasmus Student Network UJ Kraków,1775.0,"""ORIENTATION WEEK WITH ESN UJ KRAKÓW""",19 września 2022
150,Stowarzyszeniu All in UJ,10995.0,"""Jubileuszowy Bal 10 lecia Stowarzysze nia All In UJ""",19 września 2022
151,WRSS WMiI,23124.0,"""WMiI Zakłada Bluzy Uniwersytetu Jagiellońskiego 2022""",19 września 2022
152,Uczelnianej Komisji Dydaktycznej Samorządu Studentów Uniwersytetu Jagiellońskiego,4799.0,"""ABC Studenta 2022 część online i promocja wydarzenia """,19 września 2022
153,WRSS WMiI,15098.81,"""Dni Zero Wydziału Matematyki i Informatyki UJ""",28 września 2022
155,WRSS WH,3950.0,"""Gra terenowa ""Kra kowiacy w mieście""""",5 października 2022
156,"Radzie Mieszkańców DS ""Nawojka""",4718.0,"""Toga Party 2022""",5 października 2022
157,Zespołowi Informacji i Promocji Samorządu Studentów UJ,66912.0,"""Kalendarze akademickie 2022 2023""",5 października 2022
158,Stowarzyszeniu TęczUJ,7244.91,"""Tydzień Orientacyjny z Tę czUJ""",5 października 2022
159,AKT Rozdroże,2200.0,"""Rajd na Powitanie Roku Akademickiego 2022 23 w Beskid Sądecki i Pieniny Małe""",11 października 2022
160,WRSS WCh,300.0,"""Zakup środków higienicznych na potrzeby realiza cji projektu ""Skrzyneczki dla studentek Wydziału Chemii UJ""""",11 października 2022
161,WRSS WPiA,12029.63,"""Wydziałowa Liga Piłkarska""",11 października 2022
162,WRSS WCh,1725.0,"""Czapki dla Wydziało wej Rady Samorządu Studentów Wydziału Chemii UJ""",11 października 2022
163,Uczelnianemu Zespołowi Mobilności Samorządu Studentów Uniwersytetu Jagiellońskiego,100.0,"""Student s Language Con ersations (daw. Studenckie Konwersacje Językowe) promocja, semestr zimowy 22 23""",11 października 2022
164,WRSS WPiA,35000.0,"""Bal Absolwenta Wydziału Prawa i Administracji UJ 2022""",11 października 2022
165,WRSS WZiKS,6148.95,"""Jesienny zawrót głowy dni integracyjne WZiKS""",13 października 2022
166,Uczelnianej Komisji Dydaktycznej Samorządu Studentów Uniwersytetu Jagiellońskiego,5591.91,"""ABC Studenta 2022 część stacjonarna""",16 października 2022
168,WRSS WP,2101.4,"""Poetyckie Wymiary""",18 października 2022
169,WRSS WBBiB,23415.16,"""MiędzywydziałÓwkowy Wyjazd Integra cyjno Szkoleniowy MÓWISZ 2022""",18 października 2022
170,Uczelnianej Komisji Kultury Samorządu Studentów Uniwersytetu Jagiellońskiego,6249.09,"""Welcome to the SHOW""",18 października 2022
171,Zarządowi Samorządu Studentów Uniwersytetu Jagiellońskiego,1035.0,"""Czapki dla Zarządu Samo rządu Studentów UJ""",18 października 2022
172,AKT Rozdroże,2200.0,"""Otrzęsiny Górskie dla studentów I roku Uniwersytetu Jagiellońskiego""",24 października 2022
173,Stowarzyszeniu Erasmus Student Network UJ Kraków,4418.3,"""Wyjazd zagraniczny Członkiń Stowarzyszenia ESN UJ Kraków w celu udziału w zjeździe międzynarodowym General Assembly w Sakaryi (Turcja)""",24 października 2022
174,WRSS WCh,1160.0,"""Kultura niejedno ma imię ol.5""",24 października 2022
175,WRSS WPiA,25554.9,""" I Wyjazd Integracyjno Szkoleniowy WPiA UJ""",24 października 2022
176,Stowarzyszeniu Erasmus Student Network UJ Kraków,1680.0,"""Aerial Silks Workshops with ESN UJ Cracow""",31 października 2022
177,WRSS WPiA,2000.0,"""Single Party Impreza Integracyjna WPiA UJ""",31 października 2022
178,WRSS WCh,7884.2,"""Bluzy z logiem Wydziału Chemii UJ edycja 4 """,31 października 2022
181,WRSS WCh,1200.0,"""Chemiku, załóż czapkę """,31 października 2022
182,WRSS WCh,1800.0,"""Wyjście do Teatru ariete w Krakowie na spektakl ""Pretty Woman The Musical""",31 października 2022
183,WRSS WBBiB,500.0,"""Świąteczna promocja na WBBiB""",7 listopada 2022
184,Radzie Samorządu Studentów Międzywydziałowych Indywidualnych Studiów Humanistycznych Uniwersytetu Jagiellońskiego,880.0,""" FilMISH"" wieczór filmowy w celu integracji studentów MISH i SMP""",7 listopada 2022
186,WRSS WZiKS,650.0,"""Maszyneria teatru"" jako niekonwencjonalna podróż historyczna""",7 listopada 2022
187,WRSS WZiKS,22484.66,"""Wyjazd szkoleniowo integracyjny WRSS WZiKS UJ 2022""",7 listopada 2022
188,WRSS WBBiB,800.0,"""A atar II Istota wody"" obcowanie z kulturą""",7 listopada 2022
189,Stowarzyszeniu All in UJ,15000.0,"""All In UJ Winter Camp 2022""",7 listopada 2022
190,Uczelnianej Komisji Kultury Samorządu Studentów Uniwersytetu Jagiellońskiego,2131.77,"""zaSKOCZ na jesień""",7 listopada 2022
191,Uczelnianej Komisji Kultury Samorządu Studentów Uniwersytetu Jagiellońskiego,7465.89,"""Dia de los muertos""",7 listopada 2022
192,Bractwu Czapki Studenckiej UJ,1104.31,"""CIBA zjazd integracyjny studentów uczelni europejskich w Chimay 2022""",14 listopada 2022
193,WRSS WB,5000.0,"""Dziady Je sienne""",14 listopada 2022
194,WRSS WCh,2973.6,"""Urodziny Marii Skłodowskiej Curie""",14 listopada 2022
195,Stowarzyszeniu TęczUJ,5236.45,"""Tydzień Orientacyjny z TęczUJ""",14 listopada 2022
196,Uczelnianej Komisji Kultury Samorządu Studentów Uniwersytetu Jagiellońskiego,6178.27,"""W Piwnicach UJ historyczny pub uiz""",14 listopada 2022
197,Uczelnianemu Zespołowi Mobilności Samorządu Studentów Uniwersytetu Jagiellońskiego,13062.6,"""Materiały promocyjne na Targi Studenckiej Mobilności 2022""",14 listopada 2022
198,WRSS WGiG,11250.0,"""Bal Geografów""",14 listopada 2022
199,"Radzie Mieszkańców DS ""Nawojka""",2100.0,"""Andrzejki w Nawojce 2022""",14 listopada 2022
200,Przewodniczącemu Uczelnianej Komisji Ekonomicznej Samorządu Studentów Uniwersytetu Jagiellońskiego,4500.0,"""Warsztaty dla Uczelnianej Komisji Ekonomicznej SSUJ""",14 listopada 2022
201,Bractwu Czapki Studenckiej UJ,1800.0,"""Studencie, załóż czapkę """,14 listopada 2022
202,WRSS WCh,8560.7,"""Bluzy z logiem Wydziału Chemii UJ edycja 4 """,16 listopada 2022
203,Stowarzyszeniu Europejskie Forum Studentów AEGEE,3500.0,"""Management Training Course (MTC)""",21 listopada 2022
204,AKT Rozdroże,2400.0,"""Rajd Zimowy 2022 Beskid Sądecki """,21 listopada 2022
205,WRSS WBBiB,203.14,"""Gadżety konkursowe""",21 listopada 2022
206,WRSS WCh,806.03,"""Zakup środków higienicznych na potrzeby realizacji projektu ""Skrzyneczki dla studentek Wydziału Chemii UJ"" edycja 2""",21 listopada 2022
207,WRSS WP,948.4,"""Teatr mój widzę... Ślub""",21 listopada 2022
208,Zespołowi Informacji i Promocji Samorządu Studentów UJ,2655.47,"""HELPER S GENERATION UJ""",21 listopada 2022
209,Wiceprzewodniczący(a) SSUJ,6930.15,"""Zakup czekoladek świątecznych w ramach Opłatka Społeczności Studenckiej UJ""",21 listopada 2022
210,WRSS WP,706.92,"""Erasmus odcinek 1 Włochy""",28 listopada 2022
211,WRSS WP,15689.2,"""Wyjazd szkoleniowo integracyjny Wydziałowej Rady Sa morządu Studentów Wydziału Polonistyki UJ""",28 listopada 2022
212,WRSS WZiKS,1305.57,"""Co ma piernik do WZiKS u""",28 listopada 2022
213,WRSS WB,12750.0,"""Wyjazd integracyjno szkoleniowy WRSS WB""",28 listopada 2022
214,Uczelnianej Komisji Kultury Samorządu Studentów Uniwersytetu Jagiellońskiego,5500.0,"""Studenckie Łyżwy""",28 listopada 2022
215,Uczelnianemu Zespołowi Mobilności Samorządu Studentów Uniwersytetu Jagiellońskiego,6930.0,"""Targi Studenckiej Mobilności 2022""",28 listopada 2022
216,Uczelnianej Komisji Kultury Samorządu Studentów Uniwersytetu Jagiellońskiego,4010.2,"""Mariah Carries Christmas Świąteczne karaoke w Choice Club """,28 listopada 2022
217,Uczelnianej Komisji Kultury Samorządu Studentów Uniwersytetu Jagiellońskiego,30930.0,"""Opłatek Społeczności Studenckiej 2022""",28 listopada 2022
220,Radzie Mieszkańców DS Bydgoska,3500.0,"""Bydgoska"" dotację ze środków prze znaczonych przez uczelnię na sprawy studenckie w wysokości 3 500,00 zł (słownie trzy tysiące pięćset złotych 00 100) na realizację projektu ""Wigilia Bydgoska""",5 grudnia 2022
221,Radzie Samorządu Studentów Międzywydziałowych Indywidualnych Studiów Humanistycznych Uniwersytetu Jagiellońskiego,200.0,"""Międzywydziałowa Wigilia""",5 grudnia 2022
222,WRSS WMiI,4442.5,"""Koncert Zimowy 2022""",5 grudnia 2022
223,Zespołowi Informacji i Promocji Samorządu Studentów UJ,186.35,"""Konkurs Świąteczne Swetry 2022""",5 grudnia 2022
224,WRSS WH,3500.0,"""Remont i dostosowanie przestrzeni biurowej dla WRSS etap I,""",5 grudnia 2022
225,Uczelnianej Komisji Kultury Samorządu Studentów Uniwersytetu Jagiellońskiego,26139.81,"""Koncert Dychotomia""",12 grudnia 2022
1,WRSS WBBiB,2988.9,"""Przypinki dla WBBiB""",4 września 2023
2,WRSS WCh,3570.0,"""PrzygotUJ się z nami na laboratoria fartuchy dla pierwszorocznych studentów Wydziału Chemii UJ""",4 września 2023
2,WRSS WGiG,6586.65,"""Bluzy wydziałowe""",9 stycznia 2023
3,WRSS WCh,11000.0,"""Bal Chemika 2023""",9 stycznia 2023
3,Uczelnianej Komisji ds. Projektów i Współprac Samorządu Studentów Uniwersytetu Jagiellońskiego,93403.0,"""Dni Zero UJ 2023""",4 września 2023
4,WRSS WH,17400.0,"""Bal Historyka 2023""",9 stycznia 2023
5,WRSS WP,1500.0,"""Kolędowanie w Gołębniku""",9 stycznia 2023
5,WRSS WB,2242.8,"""Zakup gadżetów na potrzeby akcji ""Biologia pod lupą wypełniamy ankiety""",11 września 2023
6,WRSS WCh,3547.32,"""Zakup gadżetów na potrzeby akcji ""Sesyjne SOS dla studentów Wydziału Chemii UJ"" edycja nr 3""",9 stycznia 2023
6,WRSS WP,2250.0,"""Polonista, czyli aktywny miłośnik piesków Joga ze szczeniaczkami""",11 września 2023
7,WRSS WCh,5699.8,"""Bluzy z logiem Wydziału Chemii UJ edycja 4 """,9 stycznia 2023
7,WRSS WMiI,3972.27,"""Diamentowa Kreda 2023""",11 września 2023
8,WRSS WCh,5000.0,"""Zakup gadżetów na potrzeby akcji ""Cała chemia wypełnia ankiety 11.0""",9 stycznia 2023
8,Wiceprzewodniczący(a) SSUJ,15333.0,"""Dni Szkoleniowe z ekspertami studenckimi Polskiej Komisji Akredytacyjnej""",14 września 2023
9,WRSS WCh,2000.0,"""Akcja integracja Na dobry początek na Wydziale Chemii""",18 września 2023
9,WRSS WCh,700.0,"""Skrzyneczki dla studentek Wydziale Chemii UJ""",9 stycznia 2023
10,Zespołowi Informacji i Promocji Samorządu Studentów UJ,168359.44,"""Pakiety startowe 2023""",18 września 2023
10,Uczelnianej Komisji Kultury Samorządu Studentów Uniwersytetu Jagiellońskiego,41655.0,"""Rada Studentów PRSP""",9 stycznia 2023
11,WRSS Filologia,3246.21,"""Where is your color """,9 stycznia 2023
12,Uczelnianej Komisji Kultury Samorządu Studentów Uniwersytetu Jagiellońskiego,1242.39,"""Plakaty promocyjne działań kulturalnych SSUJ i WRSS na Uniwersytecie Jagiellońskim""",25 września 2023
13,Stowarzyszeniu Europejskie Forum Studentów AEGEE,15000.0,"""European Planning Me eting, Kraków 2023""",16 stycznia 2023
13,WRSS WPiA,749.14,"""Zakup artykułów wystawienniczych i elektronicznych na potrzeby WRSS WPiA UJ""",25 września 2023
14,WRSS WZiKS,3000.0,"""WZiKS can dance. Po prostu tańcz.""",16 stycznia 2023
15,WRSS WZiKS,8508.71,"""Dni integracji WZiKS 2023""",2 października 2023
15,Stowarzyszeniu All in UJ,3984.0,"""Science First poznaj praktyczny wymiar nauki""",16 stycznia 2023
16,WRSS WBBiB,10614.9,"""Bluzy wydziałowe WBBiB UJ""",16 stycznia 2023
16,Uczelnianej Komisji Dydaktycznej Samorządu Studentów Uniwersytetu Jagiellońskiego,559.65,"""Promocja informatora studenckiego i kalendarza wydarzeń studenckich""",2 października 2023
17,WRSS WH,680.0,"""Wy działowe Wyjście do kina ""Niebezpieczni Dżentelmeni""",16 stycznia 2023
17,WRSS WPiA,43000.0,"""Bal Absolwenta Wydziału Prawa i Administracji UJ 2023""",2 października 2023
18,WRSS WBBiB,4610.25,"""ZaangażUJ""",23 stycznia 2023
18,Przewodniczącej Uczelnianej Komisji Prawnej Samorządu Studentów Uniwersytetu Jagiellońskiego,1931.59,"""Nie trać głosu studenci na wybory """,3 października 2023
19,AKT Rozdroże,2200.0,"""Rozdroże"" dotację ze środków przeznaczonych przez uczelnię na sprawy studenckie w wysokości 2 200,00 zł (słownie dwa tysiące dwieście złotych 00 100) na realizację projektu ""Rajd w Ferie 2023 Na Gorc i Magurki""",30 stycznia 2023
19,WRSS WMiI,16850.0,"""ZorientUJ się na WMiI 2023""",9 października 2023
20,WRSS WPiA,269.0,"""Router dla Samorządu WPiA UJ""",9 października 2023
20,WRSS Filologia,1836.18,"""Festiwal językowo kulturalny ""W swa dni dookoła świata""",30 stycznia 2023
21,WRSS Filologia,23000.0,"""Wyjazd szkoleniowo integracyjny Wydziału Filologicz nego""",30 stycznia 2023
22,Bractwu Czapki Studenckiej UJ,3000.0,"""Studencie, Załóż Czapkę """,3 lutego 2023
23,WRSS WB,8816.27,"""Bal Magistra Wydziału Biologii 2021 2023""",3 lutego 2023
24,WRSS WBBiB,416.8,"""Popcornada""",3 lutego 2023
25,Uczelnianej Komisji ds. Projektów i Współprac Samorządu Studentów Uniwersytetu Jagiellońskiego,29520.0,"""Bal na rozpoczęcie kadencji""",10 października 2023
25,Bractwu Czapki Studenckiej UJ,3582.26,"""Kudłacze""",3 lutego 2023
26,Uczelnianej Komisji Kultury Samorządu Studentów Uniwersytetu Jagiellońskiego,6483.82,"""Welcome to the PRL""",11 października 2023
26,WRSS WCh,1600.0,"""Wyjście na paintball laserowy""",3 lutego 2023
27,WRSS WCh,1395.0,"""Wyjście do Teatru ariete w Krakowie na spektakl ""Do dwóch razy sztuka""",3 lutego 2023
27,Stowarzyszeniu Europejskie Forum Studentów AEGEE,3500.0,"""Local Training Course Freshmen s Sur i al FRESH II""",16 października 2023
28,WRSS Filologia,26325.0,"""Wyjazd szkoleniowo integracyjny trzech wydziałów""",16 października 2023
28,WRSS WP,369.0,"""Promocja wydarzeń wiosennych WKK WRSS WP""",3 lutego 2023
29,WRSS WCh,510.0,"""Wyjście do Kina pod Baranami w Krakowie na seans ""T r""""",3 lutego 2023
29,WRSS WSMiP,3500.0,"""Studenckie Otrzęsiny Międzywydziałowa Halloweenowa Integracja WSMiP WFilg""",16 października 2023
30,WRSS WB,4822.9,"""Dziady jesienne""",16 października 2023
30,WRSS WCh,4261.6,"""Zakup gadżetów na potrzeby realizacji wydarzenia organizowanego w ramach Tygodnia Jakości Kształcenia""",3 lutego 2023
31,Radzie Samorządu Studentów Międzywydziałowych Indywidualnych Studiów Humanistycznych Uniwersytetu Jagiellońskiego,10700.0,"""Wyjazd Integracyjny studentów MISH UJ październik 2023""",16 października 2023
31,WRSS WCh,2125.0,"""Wślizgnij się w nowy semestr chodź z nami na łyżwy """,3 lutego 2023
32,Uczelnianej Komisji Kultury Samorządu Studentów Uniwersytetu Jagiellońskiego,7900.0,"""Po Nowej Hucie objazdowa wycieczka""",16 października 2023
32,WRSS WZiKS,27884.0,"""WZiKS owe Przebiśniegi 2023""",3 lutego 2023
33,WRSS WCh,300.0,"""Wieczór z plan szówkami na Wydziale Chemii ol. 1""",3 lutego 2023
34,Przewodniczącemu Uczelnianej Komisji Ekonomicznej Samorządu Studentów Uniwersytetu Jagiellońskiego,11776.8,"""Wyjazd szkoleniowo integracyjny Uczelnianej Komisji Ekonomicznej SSUJ""",3 lutego 2023
35,Sekretarzowi Zarządu Samorządu Studentów UJ,1040.0,"""Zakup czapek studenckich dla Zarządu Samorządu Studentów Uniwersytetu Jagiellońskiego""",18 października 2023
35,Uczelnianej Komisji Kultury Samorządu Studentów Uniwersytetu Jagiellońskiego,7897.18,"""Last Snow Narty SSUJ""",3 lutego 2023
36,WRSS WBBiB,1166.0,"""Przypinki dla WBBiB UJ""",23 października 2023
36,WRSS WPiA,26791.0,""" II Wyjazd Szkoleniowo Integracyjny WPiA UJ""",3 lutego 2023
37,WRSS WCh,2530.0,"""Świętuj z nami 156. urodziny Marii """,23 października 2023
37,WRSS WCh,5380.0,"""WChem UJ uskrzydla szkolenia dla studentów Wydziału Chemii UJ na Audy tora Wewnętrznego systemu zarządzania w laboratoriach badawczych wg. normy PN EN ISO IEC 17025 2018""",15 lutego 2023
38,Uczelnianemu Zespołowi Mobilności Samorządu Studentów Uniwersytetu Jagiellońskiego,95.0,"""Promocja wydarzenia Studenckie Konwersacje Językowe (Student Language Con ersations)""",23 października 2023
38,Stowarzyszeniu TęczUJ,13840.0,"""Wyjazd Integra cyjno szkoleniowy TęczUJ""",20 lutego 2023
39,Stowarzyszeniu Erasmus Student Network UJ Kraków,1210.0,"""Orientation Week with ESN UJ KRAKÓW""",21 lutego 2023
39,WRSS WPiA,10497.23,"""Pożegnanie absolwentów rocznika 2023""",23 października 2023
40,Radzie Kół Naukowych Uniwersytetu Jagiellońskiego,6841.0,"""Podział środków I A 2023 RKN UJ""",23 października 2023
40,AKT Rozdroże,2600.0,"""Rajd Posesyjny 2023 Na Przehybę i Trzy Korony""",27 lutego 2023
41,WRSS WPiA,18935.0,"""Uroczystość graduacyjna absolwentów WPiA Roczników 2020, 2021, 2022""",27 lutego 2023
41,Bractwu Czapki Studenckiej UJ,2100.0,"""Studencie, załóż czapkę """,30 października 2023
42,Uczelnianej Komisji Kultury Samorządu Studentów Uniwersytetu Jagiellońskiego,8610.0,"""Aplikacja mobilna Studencki Ty dzień Sztuki""",27 lutego 2023
42,WRSS WZiKS,1105.22,"""Międzynarodowy Dzień Niewidomych na WZiKSie""",30 października 2023
43,Uczelnianej Komisji Kultury Samorządu Studentów Uniwersytetu Jagiellońskiego,3550.0,"""Blinded by the lights""",27 lutego 2023
43,WRSS WP,237.39,"""Promocja oraz identyfikacja wizualna WRSS Wydziału Polonistyki""",30 października 2023
44,Stowarzyszeniu All in UJ,13500.0,"""All in UJ Winter Camp 2023""",30 października 2023
45,AKT Rozdroże,2850.0,"""Otrzęsiny Górskie dla studentów I roku Uniwersytetu Jagiellońskiego""",30 października 2023
45,WRSS WZiKS,1020.0,"""Wskocz z nami w nowy semestr""",6 marca 2023
46,WRSS Filologia,2500.0,"""Wednesday Party Impreza integracyjna WPiA i Wydziału Filologicznego UJ""",6 marca 2023
46,WRSS FAIS,12259.0,"""Wyjazd integracyjno szkoleniowy dla studentów 1. roku""",30 października 2023
47,Stowarzyszeniu Europejskie Forum Studentów AEGEE,3500.0,"""Local Training Course Fresh man s Sur i al FRESH I""",6 marca 2023
47,Stowarzyszeniu Erasmus Student Network UJ Kraków,875.0,"""Uczestnictwo w Zjeździe National Assembly ESN Czech Republic""",6 listopada 2023
48,"Radzie Mieszkańców DS ""Nawojka""",2500.0,"""Dzień Świętego Patryka w DS. Nawojka""",6 marca 2023
48,Uczelnianej Komisji Kultury Samorządu Studentów Uniwersytetu Jagiellońskiego,5014.11,"""Koncert Niech no tylko zakwitną jabłonie""",6 listopada 2023
49,Stowarzyszeniu Europejskie Forum Studentów AEGEE,3500.0,"""MTC Management Training Course 2023""",6 listopada 2023
49,Radzie Samorządu Studentów Międzywydziałowych Indywidualnych Studiów Humanistycznych Uniwersytetu Jagiellońskiego,362.0,"""Wydruk ulotek reklamowych MISH UJ na Dzień Otwarty Uniwersytetu Jagiellońskiego""",13 marca 2023
50,AKT Rozdroże,2600.0,"""Rajd na Powitanie Wiosny 2023 Barania Góra i Skrzyczne""",13 marca 2023
51,organizacjom studenckim,20000.0,Nie znaleziono nazwy projektu w uchwale,13 listopada 2023
52,Stowarzyszeniu Erasmus Student Network UJ Kraków,3100.0,"""Wyjazd Szkoleniowo Integracyjny z ESN UJ Kraków""",13 marca 2023
52,WRSS WGiG,5400.0,"""Bal Geografa""",13 listopada 2023
53,Radzie Kół Naukowych Uniwersytetu Jagiellońskiego,3500.0,"""Walne po walnym RKN UJ""",13 marca 2023
54,Uczelnianej Komisji Dydaktycznej Samorządu Studentów Uniwersytetu Jagiellońskiego,7497.0,"""Bankiet pokonferencyjny TED Jagiellonian Uni ersity""",13 listopada 2023
54,Radzie Kół Naukowych Uniwersytetu Jagiellońskiego,3500.0,"""Jubileusz 35 lecia Rady Kół Naukowych UJ""",13 marca 2023
55,WRSS WPiA,7725.93,"""Międzywydziałowa Liga Piłkarska""",20 listopada 2023
55,Pełnomocniczce ds. organizacji międzynarodowych Samorządu Studentów Uniwersytetu Jagiellońskiego,3000.0,"""Let s Get uizzical""",13 marca 2023
56,WRSS WH,6632.0,"""Bal Instytutu Historii Sztuki UJ""",16 marca 2023
56,Uczelnianej Komisji ds. Projektów i Współprac Samorządu Studentów Uniwersytetu Jagiellońskiego,3520.26,"""Bluzy dla Uczelnianej Komisji ds. Projektów i Współprac""",20 listopada 2023
57,Organizacji Uczelnianej Niezależne Zrzeszenie Studentów Uniwersytetu Jagiellońskiego,301.19,"""Studenci dla Futrzaków""",20 listopada 2023
57,WRSS WSMiP,4305.0,"""Back to 90s""",20 marca 2023
58,WRSS WZiKS,26139.95,"""Wyjazd szkoleniowo integracyjny WRSS WZiKS UJ 2023""",21 listopada 2023
58,Stowarzyszeniu Erasmus Student Network UJ Kraków,1524.0,"""Wycieczka do Auschwitz Birkenau z ESN UJ Kra ków""",20 marca 2023
59,Stowarzyszeniu All in UJ,10000.0,"""All in UJ Spring Camp""",20 marca 2023
59,WRSS WMiI,3100.0,"""Koncert Zimowy 2023""",27 listopada 2023
60,Uczelnianej Komisji Kultury Samorządu Studentów Uniwersytetu Jagiellońskiego,77599.6,"""Stu dencki Tydzień Sztuki 2023""",20 marca 2023
60,WRSS WP,1276.84,"""Poetyckie Wymiary""",27 listopada 2023
61,Radzie Samorządu Studentów Międzywydziałowych Indywidualnych Studiów Humanistycznych Uniwersytetu Jagiellońskiego,5750.0,"""Bluzy wydziałowe MISH""",27 listopada 2023
62,Uczelnianej Komisji ds. Projektów i Współprac Samorządu Studentów Uniwersytetu Jagiellońskiego,2220.0,"""Doggy Yoga""",27 listopada 2023
62,WRSS WMiI,3950.0,"""Konkursy z okazji Studenckiego Festiwalu Informatycz nego""",20 marca 2023
63,WRSS WZiKS,6365.61,"""Święta z Kulturką """,27 listopada 2023
64,Stowarzyszeniu DKMS Polska,1801.0,"""Helper s Generation UJ""",27 marca 2023
64,WRSS WZiKS,11758.22,"""Cieplutko na WZiKSie zakup bluz promujących WZiKS""",27 listopada 2023
65,Zespołowi ds. Przeciwdziałania Przemocy i Dyskryminacji SSUJ,2200.0,"""Obroń się z ZPPiD""",27 marca 2023
65,Uczelnianej Komisji Dydaktycznej Samorządu Studentów Uniwersytetu Jagiellońskiego,7031.73,"""Mikołajkowy Wieczór Filmowy""",27 listopada 2023
66,WRSS WPiA,37000.0,"""Bal Półmetkowy WPiA UJ 2023""",27 marca 2023
66,WRSS WPiA,2000.0,"""Andrzejki WPiA UJ UJ CM Impreza Integracyjna""",27 listopada 2023
67,Uczelnianej Komisji ds. Projektów i Współprac Samorządu Studentów Uniwersytetu Jagiellońskiego,23809.0,"""Opłatek Społeczności Studenckiej 2023""",27 listopada 2023
68,Uczelnianej Komisji Kultury Samorządu Studentów Uniwersytetu Jagiellońskiego,52403.12,"""Promocja Studenckiego Tygodnia Sztuki 2023""",29 marca 2023
68,Przewodniczącej Zarządu Samorządu Studentów UJ,67429.83,"""Artykuły promocyjne SSUJ""",27 listopada 2023
69,Radzie Kół Naukowych Uniwersytetu Jagiellońskiego,3155.3,"""Podział środków I B 2023 RKN UJ""",27 listopada 2023
69,WRSS WZiKS,784.22,"""PoszukUJ wiedzy Wziksowy Flower Hunting""",3 kwietnia 2023
70,Stowarzyszeniu TęczUJ,3492.9,"""GNIEW""",3 kwietnia 2023
71,Uczelnianej Komisji Kultury Samorządu Studentów Uniwersytetu Jagiellońskiego,3075.0,"""Kurs tańca Tańce lat 20.""",29 listopada 2023
71,Studenckiej Poradni Prawnej Uniwersytetu Jagiellońskiego,3697.76,"""Wyjazd szko leniowo integracyjny Studenckiej Poradni Prawnej Uniwersytetu Jagiellońskiego 2022 2023""",3 kwietnia 2023
72,Zespołowi Informacji i Promocji Samorządu Studentów UJ,23468.4,"""Bluzy Samorządowe 2023.""",29 listopada 2023
72,Stowarzyszeniu TęczUJ,2566.0,"""Materiały promocyjne dla organizacji TęczUJ""",3 kwietnia 2023
73,WRSS Filologia,3500.0,"""Let it snow Międzywydziałowa Integracja Świąteczna Wfilg WSMiP""",4 grudnia 2023
73,AKT Rozdroże,2400.0,"""Rajd w Beskid Wyspowy 2023""",3 kwietnia 2023
74,WRSS WPiA,3000.0,"""""Wiosenne Single Party"" Im preza Integracyjna WPiA UJ i Wydziału Filologicznego UJ""",3 kwietnia 2023
74,WRSS WBBiB,985.9,"""Opowieść studencka""",4 grudnia 2023
75,Stowarzyszeniu All In UJ,3493.2,"""""Historie pisane obrazem i dźwiękiem cykl warsz tatów filmowych z All In UJ""",3 kwietnia 2023
75,Radzie Samorządu Studentów Międzywydziałowych Indywidualnych Studiów Humanistycznych Uniwersytetu Jagiellońskiego,300.0,"""Międzywydziałowe Pierniczki""",4 grudnia 2023
76,Uczelnianej Komisji Kultury Samorządu Studentów Uniwersytetu Jagiellońskiego,16747.49,Nie znaleziono nazwy projektu w uchwale,3 kwietnia 2023
76,Uczelnianej Komisji Kultury Samorządu Studentów Uniwersytetu Jagiellońskiego,32164.74,"""Bal Karnawałowy Karnawałowy Blichtr Ery Prohibicji""",4 grudnia 2023
77,Bractwu Czapki Studenckiej UJ,6901.95,"""Wyjazd na Otaniemi s The World międzynarodowy zjazd tradycji studenckich w Espoooraz wio senny festiwal Wappu w Helsinkach""",12 kwietnia 2023
77,WRSS WP,18300.0,"""Wyjazd szkoleniowo integracyjny Wydziałowej Rady Samorządu Studentów Wydziału Polonistyki UJ""",4 grudnia 2023
78,Uczelnianemu Zespołowi Mobilności Samorządu Studentów Uniwersytetu Jagiellońskiego,2319.75,"""Pub uiz ""Get To Know the Culture""",12 kwietnia 2023
78,WRSS WH,20000.0,"""Bal Historyka 2024""",4 grudnia 2023
79,Zarządowi Samorządu Studentów Uniwersytetu Jagiellońskiego,5690.0,"""Zakup upominków świątecznych w ramach Opłatka Społeczności Studenckiej 2023""",4 grudnia 2023
80,Zarządowi Samorządu Studentów Uniwersytetu Jagiellońskiego,3100.0,"""Świąteczne Czapki dla Samorządu Studentów UJ edycja 2023""",4 grudnia 2023
81,WRSS WP,2195.0,"""Poetyckie Wymiary""",17 kwietnia 2023
81,WRSS WSMiP,3520.26,"""Bluzy dla Wydziałowej Rady Samorządu Studentów Wydziału Studiów Międzynarodowych i Politycznych""",11 grudnia 2023
82,WRSS WB,3500.0,"""2000 s Babies""",17 kwietnia 2023
82,WRSS Filozofia,5749.86,"""Bluzy dla członków WRSS Filozoficznego oraz studentów Wydziału Filozoficznego.""",11 grudnia 2023
83,WRSS WZiKS,3724.35,"""Jungle Party w ZOO małpi gaj""",17 kwietnia 2023
83,WRSS WPiA,25603.59,"""Bluzy wydziałowe Wydziału Prawa i Administracji UJ 2023""",18 grudnia 2023
84,WRSS FAIS,31740.0,"""Bal Ścisłowca""",17 kwietnia 2023
85,Przewodniczącej Radzie Domów Studenckich,3100.0,"""Olimpiada MiędzyAkademikowa I Etap""",17 kwietnia 2023
86,WRSS WH,1230.0,"""Integracja społeczności akademickiej Wydziału Historycznego """,21 kwietnia 2023
87,WRSS Filologia,1620.0,"""Wieczór piosenki francuskiej""",25 kwietnia 2023
88,Uczelnianej Komisji Kultury Samorządu Studentów Uniwersytetu Jagiellońskiego,11350.0,"""B4 Juwenaliowy""",25 kwietnia 2023
90,WRSS WP,1050.0,"""Teatr mój widzę... Moralność Pani Dulskiej""",25 kwietnia 2023
91,WRSS WSMiP,2500.0,"""Cinco de Mayo impreza WSMiP i Wydziału Filologicz nego""",25 kwietnia 2023
92,AKT Rozdroże,2700.0,"""Majówka 2023 Rajd Dolinami Tatr Zachodnich""",25 kwietnia 2023
93,WRSS WZiKS,441.0,"""Bezmiar"" niebanalna historia o ucieczce""",25 kwietnia 2023
94,WRSS WPiA,3500.0,"""""Majówka WPiA"" Impreza Integracyjna WPiA UJ w ramach zakończenia Wy działowej Ligi Piłkarskiej""",25 kwietnia 2023
95,Zespołowi Informacji i Promocji Samorządu Studentów UJ,1230.0,"""Warsztaty ""social media dźwignią promocji""""",25 kwietnia 2023
96,Przewodniczącej Radzie Domów Studenckich,4456.6,"""Olimpiada MiędzyAkade mikowa II Etap""",4 maja 2023
97,Zespołowi Informacji i Promocji Samorządu Studentów UJ,23512.0,"""Wyposażenie teamu Foto Zespołu Informacji i Promocji SSUJ""",6 maja 2023
98,WRSS WP,2208.4,"""s.pokoje""",8 maja 2023
99,WRSS WH,1589.99,"""Zakup wyposażenia na potrzeby warsztatów fotograficznych i studenc kich sesji zdjęciowych""",8 maja 2023
100,Bractwu Czapki Studenckiej UJ,3674.66,"""Juwenalia 2023""",8 maja 2023
101,Stowarzyszeniu UJOT T,16924.8,"""Juwenaliowe studio UJOT T """,8 maja 2023
102,WRSS WP,520.0,"""WybUJaj stres """,8 maja 2023
103,WRSS WCh,4011.0,"""Zakup gadżetów na potrzeby akcji realizowanej w ramach ""Dzień chemika""",8 maja 2023
104,WRSS WCh,3750.0,"""Zakup gadżetów na potrzeby akcji ""Cała chemia wypełnia ankiety 12.0""",8 maja 2023
105,Stowarzyszeniu Erasmus Student Network UJ Kraków,902.0,"""Uczestnictwo w Zjeździe National Assembly ESN Czech Republic""",8 maja 2023
106,Uczelnianej Komisji Kultury Samorządu Studentów Uniwersytetu Jagiellońskiego,16515.0,"""Juwenaliowa Gra Miejska 2023""",9 maja 2023
107,Zespołowi Informacji i Promocji Samorządu Studentów UJ,25461.0,"""Koszulki juwenaliowe 2023""",10 maja 2023
108,Wiceprzewodniczący(a) SSUJ,80011.01,"""Ochrona wydarzenia Juwenalia Krakoskie 2023""",11 maja 2023
109,Wiceprzewodniczący(a) SSUJ,159346.5,"""Obsługa techniczna wydarzenia Juwenalia Krakoskie 2023""",11 maja 2023
110,Radzie Mieszkańców DS Bursa Jagiellońska,2958.59,"""Bursonalia 2023""",15 maja 2023
111,Stowarzyszeniu Erasmus Student Network UJ Kraków,120.0,"""Wycieczka do Muzeum Fotografii z ESN UJ Kraków""",15 maja 2023
112,Uczelnianemu Zespołowi Mobilności Samorządu Studentów Uniwersytetu Jagiellońskiego,300.0,"""WALK WATCH Cracow Old Town Tour at Sunset""",15 maja 2023
113,Towarzystwu Biblioteki Słuchaczów Prawa Uniwersytetu Jagiellońskiego,4500.0,"""Konferencja Jubileu szowa z okazji 170 lecia istnienia Towarzystwa Biblioteki Słuchaczów Prawa Uniwersytetu Jagiellońskiego ""Kompetencje prawnika przyszłości a nauczanie prawa na współcze snym uniwersytecie""",15 maja 2023
114,Uczelnianemu Zespołowi Mobilności Samorządu Studentów Uniwersytetu Jagiellońskiego,2723.0,"""Strzał w 10""",15 maja 2023
115,"Radzie Mieszkańców DS ""Bydgoska"" oraz Radzie Mieszkańców DS ""Piast""",9000.0,"""Bydgoska"" oraz Radzie Mieszkańców DS ""Piast"" dotację ze środków przeznaczonych przez uczelnię na sprawy studenckie w wysokości 9 000,00 zł (słownie dziewięć tysięcy złotych 00 100) na realizację projektu ""Bydgo Piastonalia 2023""",15 maja 2023
116,"Radzie Mieszkańców DS ""Nawojka""",5000.0,"""Nawojka"" dotację ze środków przeznaczonych przez uczelnię na sprawy studenckie w wysokości 5 000,00 zł (słownie pięć tysięcy złotych 00 100) na realizację projektu ""Dni Nawojki""",15 maja 2023
117,WRSS WZiKS,180.0,"""MOCAK zwiedź z nami muzeum """,23 maja 2023
119,WRSS WP,450.0,"""Teatr mój widzę... Sen nocy letniej""",23 maja 2023
120,AKT Rozdroże,2500.0,"""Rajd Posesyjny Letni 2023 Pilsko w Beskidzie Żywieckim""",23 maja 2023
121,Uczelnianej Komisji Kultury Samorządu Studentów Uniwersytetu Jagiellońskiego,9225.0,""" Zakup statuetek na Laudacje Studenckie 2023""",23 maja 2023
122,"Radzie Mieszkańców DS ""Żaczek""",6000.0,"""Żaczek"" dotację ze środków przeznaczonych przez uczelnię na sprawy studenckie w wysokości 6 000,00 zł (słownie sześć tysięcy złotych 00 100) na realizację projektu ""Żaczkonalia""",23 maja 2023
123,Zespołowi ds. Przeciwdziałania Przemocy i Dyskryminacji SSUJ,852.39,"""Wydruk materiałów promocyjnych""",29 maja 2023
124,WRSS WCh,385.0,"""Wyjście do Kina pod Baranami w Krakowie na seans ""Osiem gór""",29 maja 2023
125,WRSS WCh,650.0,"""I Ty możesz zdobyć Nobla gra kampusowa """,29 maja 2023
127,AKT Rozdroże,5900.0,""" I Wakacyjny Rajd AKT Rozdroże ""Bieszczady 2023""",6 czerwca 2023
128,WRSS WZiKS,3334.5,"""Kino plenerowe na Kampusie UJ""",6 czerwca 2023
129,WRSS WP,1960.52,"""Zakończenie kadencji WRSS Wydziału Polonistyki""",6 czerwca 2023
130,WRSS WBBiB,607.5,"""Krówki i długopisy UJ dla dawców krwi""",6 czerwca 2023
131,Uczelnianej Komisji Kultury Samorządu Studentów Uniwersytetu Jagiellońskiego,51392.5,"""Laudacje Studenckie""",6 czerwca 2023
132,AKT Rozdroże,3900.0,"""Jesienny Rajd 2023 Dolinami Tatr Wysokich""",12 czerwca 2023
133,Bractwu Czapki Studenckiej UJ,5199.0,"""Obóz Adapta cyjny Bractwa Czapki Studenckiej UJ 2023""",26 czerwca 2023
134,WRSS WP,2927.4,"""Zamówienie teczek i materiałów promocyjnych WRSS 2023""",26 czerwca 2023
135,WRSS Filologia,2646.0,"""WERNISAŻ WYSTAWOWY Klub sekta selekta""",26 czerwca 2023
136,Zespołowi Informacji i Promocji Samorządu Studentów UJ,38000.0,"""Bluzy Samorządowe 2023""",27 czerwca 2023
1,WRSS Filologia,1000.0,"""Posiadówka z planszówkami""",8 stycznia 2024
2,WRSS WSMiP,2000.0,"""Black White Party Międzywydziałowa Integracja WSMiP WPiA""",8 stycznia 2024
3,WRSS WH,7828.0,"""Bal Instytutu Historii Sztuki UJ""",8 stycznia 2024
4,Uczelnianemu Zespołowi Mobilności Samorządu Studentów Uniwersytetu Jagiellońskiego,2060.0,"""Impreza na zakończenie Studenckich Konwersacji Językowych (Student Language Con ersations) Multilingual Party""",8 stycznia 2024
5,Uczelnianej Komisji ds. Projektów i Współprac Samorządu Studentów Uniwersytetu Jagiellońskiego,6300.0,"""Studenckie Łyżwy""",8 stycznia 2024
6,Uczelnianej Komisji Kultury Samorządu Studentów Uniwersytetu Jagiellońskiego,3896.0,"""Sesyjny Wellness""",8 stycznia 2024
7,Zespołowi Informacji i Promocji Samorządu Studentów UJ,38104.4,"""Kalendarze akademickie 2024""",8 stycznia 2024
8,WRSS WP,1300.0,"""Kolędowanie w Gołębniku""",15 stycznia 2024
9,Stowarzyszeniu TęczUJ,1164.2,"""Materiały promocyjne dla organizacji TęczUJ""",15 stycznia 2024
10,WRSS Filologia,692.4,"""Filologiczny wieczorek filmowy projekcja filmu Dri e my car""",15 stycznia 2024
11,WRSS WB,1033.2,"""Biologia pod lupą wypełniamy ankiety ol.2""",22 stycznia 2024
12,WRSS FAIS,3182.0,"""Akcja Ankietowa Oceny Zajęć Dydaktycznych WFAIS""",22 stycznia 2024
13,Radzie Samorządu Studentów Międzywydziałowych Indywidualnych Studiów Humanistycznych Uniwersytetu Jagiellońskiego,11910.0,"""MISHowcy jadą na narty """,22 stycznia 2024
14,WRSS WPiA,237.99,"""Router dla Samorządu WPiA UJ""",22 stycznia 2024
